{"training_loss": 0.001684971809387207, "_timestamp": 1704165303.9227443, "_runtime": 1.4103691577911377, "_step": 0, "_wandb": {"runtime": 0}}