{"_step": 1, "_runtime": 2.744075059890747, "_timestamp": 1704165380.543399, "training_loss": 0.0007710468769073487, "_wandb": {"runtime": 0}}